{
    "cycles_program_begin": 2316046838589,
    "CompileStrategy": "fullobj",
    "PrevCompiledModules": {
        "Partial_Generater": {
            "Ff1VQ_d": {
                "out": "Ff1VQ_d.o",
                "bytes": 13952,
                "archive": "archive.8/_8553_archive_1.a",
                "mod": "Partial_Generater",
                "mode": 4,
                "checksum": 0
            }
        },
        "std": {
            "reYIK_d": {
                "out": "reYIK_d.o",
                "bytes": 43376,
                "archive": "archive.8/_8553_archive_1.a",
                "mod": "std",
                "mode": 4,
                "checksum": 0
            }
        },
        "Multiplier_Radix_4_Wallace_a": {
            "sI9jD_d": {
                "out": "sI9jD_d.o",
                "bytes": 34818,
                "archive": "archive.8/_8553_archive_1.a",
                "mod": "Multiplier_Radix_4_Wallace_a",
                "mode": 4,
                "checksum": 0
            }
        },
        "...MASTER...": {
            "amcQw_d": {
                "out": "objs/amcQw_d.o",
                "bytes": 8086,
                "mod": "...MASTER...",
                "mode": 4,
                "checksum": 0
            }
        },
        "SA_tb": {
            "HU4zc_d": {
                "out": "HU4zc_d.o",
                "bytes": 35558,
                "archive": "archive.8/_8553_archive_1.a",
                "mod": "SA_tb",
                "mode": 4,
                "checksum": 0
            }
        },
        "PE": {
            "twU73_d": {
                "out": "twU73_d.o",
                "bytes": 23934,
                "archive": "archive.8/_8553_archive_1.a",
                "mod": "PE",
                "mode": 4,
                "checksum": 0
            }
        },
        "Booth_Encoder": {
            "gAcsm_d": {
                "out": "gAcsm_d.o",
                "bytes": 13990,
                "archive": "archive.8/_8553_archive_1.a",
                "mod": "Booth_Encoder",
                "mode": 4,
                "checksum": 0
            }
        },
        "Adder": {
            "xUt1z_d": {
                "out": "xUt1z_d.o",
                "bytes": 9980,
                "archive": "archive.8/_8553_archive_1.a",
                "mod": "Adder",
                "mode": 4,
                "checksum": 0
            }
        }
    },
    "CurCompileModules": [
        "...MASTER...",
        "...MASTER...",
        "std",
        "std",
        "Adder",
        "Adder",
        "Booth_Encoder",
        "Booth_Encoder",
        "Multiplier_Radix_4_Wallace_a",
        "Multiplier_Radix_4_Wallace_a",
        "Partial_Generater",
        "Partial_Generater",
        "PE",
        "PE",
        "data_buffer",
        "data_buffer",
        "SA_tb",
        "SA_tb"
    ],
    "perf": [
        {
            "stat": [
                "main",
                "entry",
                0.059398174285888672,
                0.057963000000000001,
                0.159693,
                211388,
                211388,
                0.0,
                0.0,
                1724164943.9442041,
                2316047852745
            ],
            "sub": [
                {
                    "stat": [
                        "doParsingAndDesignResolution",
                        "entry",
                        0.23407912254333496,
                        0.063286999999999996,
                        0.191057,
                        267292,
                        268092,
                        0.0,
                        0.0,
                        1724164944.118885,
                        2316483535312
                    ],
                    "sub": []
                },
                {
                    "stat": [
                        "doParsingAndDesignResolution",
                        "exit",
                        0.44672703742980957,
                        0.096084000000000003,
                        0.39839999999999998,
                        371940,
                        440056,
                        0.0,
                        0.0,
                        1724164944.331533,
                        2317014318775
                    ],
                    "sub": []
                },
                {
                    "stat": [
                        "doPostDesignResolutionToVir2Vcs",
                        "entry",
                        0.50462102890014648,
                        0.099276000000000003,
                        0.45291300000000001,
                        352756,
                        440056,
                        0.0,
                        0.0,
                        1724164944.3894269,
                        2317158877339
                    ],
                    "sub": [
                        {
                            "stat": [
                                "doUptoVir2VcsNoSepCleanup",
                                "entry",
                                0.5288701057434082,
                                0.099461999999999995,
                                0.47697699999999998,
                                353280,
                                440056,
                                0.0,
                                0.0,
                                1724164944.413676,
                                2317219326747
                            ],
                            "sub": []
                        },
                        {
                            "stat": [
                                "doUptoVir2VcsNoSepCleanup",
                                "exit",
                                0.72957897186279297,
                                0.119038,
                                0.58498700000000003,
                                367364,
                                440056,
                                0.0048430000000000001,
                                0.050164,
                                1724164944.6143849,
                                2317720323059
                            ],
                            "sub": []
                        },
                        {
                            "stat": [
                                "doRadify_vir2vcsAll",
                                "entry",
                                0.72983312606811523,
                                0.119293,
                                0.58498700000000003,
                                367364,
                                440056,
                                0.0048430000000000001,
                                0.050164,
                                1724164944.614639,
                                2317720921388
                            ],
                            "sub": []
                        },
                        {
                            "stat": [
                                "doRadify_vir2vcsAll",
                                "exit",
                                0.7627561092376709,
                                0.11930200000000001,
                                0.61789499999999997,
                                367364,
                                440056,
                                0.0048430000000000001,
                                0.050164,
                                1724164944.647562,
                                2317803154387
                            ],
                            "sub": []
                        }
                    ]
                },
                {
                    "stat": [
                        "doPostDesignResolutionToVir2Vcs",
                        "exit",
                        0.76282715797424316,
                        0.119313,
                        0.61795500000000003,
                        367364,
                        440056,
                        0.0048430000000000001,
                        0.050164,
                        1724164944.6476331,
                        2317803247895
                    ],
                    "sub": []
                },
                {
                    "stat": [
                        "doGAToPass2",
                        "entry",
                        0.76288914680480957,
                        0.119323,
                        0.618008,
                        367364,
                        440056,
                        0.0048430000000000001,
                        0.050164,
                        1724164944.6476951,
                        2317803403318
                    ],
                    "sub": [
                        {
                            "stat": [
                                "DoPass2",
                                "entry",
                                1.0468661785125732,
                                0.119449,
                                0.62316400000000005,
                                365808,
                                440056,
                                0.057203999999999998,
                                0.25070500000000001,
                                1724164944.9316721,
                                2318512336466
                            ],
                            "sub": []
                        },
                        {
                            "stat": [
                                "DoPass2",
                                "exit",
                                1.1970920562744141,
                                0.18720999999999999,
                                0.69438100000000003,
                                367788,
                                440056,
                                0.060962000000000002,
                                0.25446299999999999,
                                1724164945.081898,
                                2318887212287
                            ],
                            "sub": []
                        }
                    ]
                },
                {
                    "stat": [
                        "doGAToPass2",
                        "exit",
                        1.202829122543335,
                        0.19151199999999999,
                        0.69578899999999999,
                        367788,
                        440056,
                        0.060962000000000002,
                        0.25446299999999999,
                        1724164945.087635,
                        2318901529126
                    ],
                    "sub": []
                }
            ]
        },
        {
            "stat": [
                "main",
                "exit",
                1.2033600807189941,
                0.19162599999999999,
                0.69620599999999999,
                367780,
                440056,
                0.060962000000000002,
                0.25446299999999999,
                1724164945.088166,
                2318902824252
            ],
            "sub": []
        }
    ],
    "MlibObjs": {},
    "NameTable": {
        "Multiplier_Radix_4_Wallace_a": [
            "Multiplier_Radix_4_Wallace_a",
            "sI9jD",
            "module",
            4
        ],
        "Partial_Generater": [
            "Partial_Generater",
            "Ff1VQ",
            "module",
            5
        ],
        "std": [
            "std",
            "reYIK",
            "module",
            1
        ],
        "data_buffer": [
            "data_buffer",
            "GcCZt",
            "module",
            9
        ],
        "Adder": [
            "Adder",
            "xUt1z",
            "module",
            2
        ],
        "...MASTER...": [
            "SIM",
            "amcQw",
            "module",
            8
        ],
        "Booth_Encoder": [
            "Booth_Encoder",
            "gAcsm",
            "module",
            3
        ],
        "PE": [
            "PE",
            "twU73",
            "module",
            6
        ],
        "SA_tb": [
            "SA_tb",
            "HU4zc",
            "module",
            7
        ]
    },
    "CurCompileUdps": {},
    "cpu_cycles_pass2_start": 2318512361692,
    "incremental": "on",
    "stat": {
        "nMops": 9000,
        "ru_self_cgstart": {
            "ru_maxrss_kb": 84744,
            "ru_utime_sec": 0.11946900000000001,
            "ru_stime_sec": 0.62326800000000004,
            "ru_nivcsw": 14,
            "ru_minflt": 30265,
            "ru_majflt": 4,
            "ru_nvcsw": 431
        },
        "ru_childs_cgstart": {
            "ru_maxrss_kb": 32016,
            "ru_utime_sec": 0.057203999999999998,
            "ru_stime_sec": 0.25070500000000001,
            "ru_nivcsw": 25,
            "ru_minflt": 11898,
            "ru_majflt": 13,
            "ru_nvcsw": 80
        },
        "ru_childs_end": {
            "ru_maxrss_kb": 32372,
            "ru_utime_sec": 0.060962000000000002,
            "ru_stime_sec": 0.25446299999999999,
            "ru_nivcsw": 27,
            "ru_minflt": 12537,
            "ru_majflt": 13,
            "ru_nvcsw": 81
        },
        "outputSizePerQuad": 105.8403334402052,
        "cpu_cycles_cgstart": 2318512462195,
        "nQuads": 3119,
        "mopSpeed": 118533.34738173003,
        "ru_self_end": {
            "ru_maxrss_kb": 96904,
            "ru_utime_sec": 0.191639,
            "ru_stime_sec": 0.69625300000000001,
            "ru_nivcsw": 24,
            "ru_minflt": 34784,
            "ru_majflt": 4,
            "ru_nvcsw": 433
        },
        "CodeGen(%)": 30.05847166084062,
        "peak_mem_kb": 440056,
        "totalObjSize": 330116,
        "Frontend(%)": 69.94152833915939,
        "realTime": 1.2034530639648438,
        "cpu_cycles_end": 2318902901933,
        "cpu_cycles_total": 2856063344,
        "quadSpeed": 41078.390053735107,
        "mop/quad": 2.8855402372555305
    },
    "SIMBData": {
        "bytes": 120276,
        "out": "amcQwB.o",
        "text": 0,
        "archive": "archive.8/_8553_archive_1.a"
    },
    "LVLData": [
        "SIM"
    ],
    "PEModules": [],
    "CompileProcesses": [
        "cgproc.8553.json"
    ],
    "Misc": {
        "cwd": "/home/ICer/ic_prjs/afifo/script",
        "daidir_abs": "/home/ICer/ic_prjs/afifo/script/simv.daidir",
        "vcs_version": "O-2018.09-1_Full64",
        "vcs_build_date": "Build Date = Oct 12 2018 20:38:10",
        "csrc": "csrc",
        "master_pid": 8553,
        "VCS_HOME": "/home/synopsys/vcs-mx/O-2018.09-1",
        "default_output_dir": "csrc",
        "hostname": "IC_EDA",
        "csrc_abs": "/home/ICer/ic_prjs/afifo/script/csrc",
        "daidir": "simv.daidir",
        "archive_dir": "archive.8"
    },
    "rlimit": {
        "data": -1,
        "stack": -1
    },
    "CompileStatus": "Successful"
}