{
    "CompileStatus": "Successful",
    "PEModules": [],
    "cycles_program_begin": 3030407501902,
    "cpu_cycles_pass2_start": 3030920584151,
    "MlibObjs": {},
    "incremental": "on",
    "perf": [
        {
            "stat": [
                "main",
                "entry",
                0.023588895797729492,
                0.036434000000000001,
                0.029687000000000002,
                211388,
                211388,
                0.0,
                0.0,
                1724165230.152509,
                3030407919462
            ],
            "sub": [
                {
                    "stat": [
                        "doParsingAndDesignResolution",
                        "entry",
                        0.038903951644897461,
                        0.038490000000000003,
                        0.039816999999999998,
                        267292,
                        268092,
                        0.0,
                        0.0,
                        1724165230.167824,
                        3030446095451
                    ],
                    "sub": []
                },
                {
                    "stat": [
                        "doParsingAndDesignResolution",
                        "exit",
                        0.081308841705322266,
                        0.056003999999999998,
                        0.073116,
                        371432,
                        439024,
                        0.0,
                        0.0,
                        1724165230.2102289,
                        3030551963270
                    ],
                    "sub": []
                },
                {
                    "stat": [
                        "doPostDesignResolutionToVir2Vcs",
                        "entry",
                        0.098727941513061523,
                        0.057272000000000003,
                        0.086480000000000001,
                        352760,
                        439024,
                        0.0,
                        0.0,
                        1724165230.227648,
                        3030595560244
                    ],
                    "sub": [
                        {
                            "stat": [
                                "doUptoVir2VcsNoSepCleanup",
                                "entry",
                                0.10968184471130371,
                                0.063341999999999996,
                                0.091365000000000002,
                                353284,
                                439024,
                                0.0,
                                0.0,
                                1724165230.2386019,
                                3030622756556
                            ],
                            "sub": []
                        },
                        {
                            "stat": [
                                "doUptoVir2VcsNoSepCleanup",
                                "exit",
                                0.1894679069519043,
                                0.092502000000000001,
                                0.11069900000000001,
                                367412,
                                439024,
                                0.0064619999999999999,
                                0.01702,
                                1724165230.318388,
                                3030821925468
                            ],
                            "sub": []
                        },
                        {
                            "stat": [
                                "doRadify_vir2vcsAll",
                                "entry",
                                0.18957090377807617,
                                0.092549999999999993,
                                0.11075699999999999,
                                367412,
                                439024,
                                0.030995000000000002,
                                0.047966000000000002,
                                1724165230.318491,
                                3030822110314
                            ],
                            "sub": []
                        },
                        {
                            "stat": [
                                "doRadify_vir2vcsAll",
                                "exit",
                                0.1967008113861084,
                                0.096056000000000002,
                                0.114353,
                                367412,
                                439024,
                                0.030995000000000002,
                                0.047966000000000002,
                                1724165230.3256209,
                                3030840007195
                            ],
                            "sub": []
                        }
                    ]
                },
                {
                    "stat": [
                        "doPostDesignResolutionToVir2Vcs",
                        "exit",
                        0.19677591323852539,
                        0.096091999999999997,
                        0.114395,
                        367412,
                        439024,
                        0.030995000000000002,
                        0.047966000000000002,
                        1724165230.325696,
                        3030840092083
                    ],
                    "sub": []
                },
                {
                    "stat": [
                        "doGAToPass2",
                        "entry",
                        0.196807861328125,
                        0.096105999999999997,
                        0.114412,
                        367412,
                        439024,
                        0.030995000000000002,
                        0.047966000000000002,
                        1724165230.3257279,
                        3030840167380
                    ],
                    "sub": [
                        {
                            "stat": [
                                "DoPass2",
                                "entry",
                                0.22899103164672852,
                                0.096105999999999997,
                                0.117421,
                                365856,
                                439024,
                                0.048342000000000003,
                                0.060304999999999997,
                                1724165230.3579111,
                                3030920566592
                            ],
                            "sub": []
                        },
                        {
                            "stat": [
                                "DoPass2",
                                "exit",
                                0.29552102088928223,
                                0.14418,
                                0.13228899999999999,
                                367836,
                                439024,
                                0.048342000000000003,
                                0.063729999999999995,
                                1724165230.4244411,
                                3031086604825
                            ],
                            "sub": []
                        }
                    ]
                },
                {
                    "stat": [
                        "doGAToPass2",
                        "exit",
                        0.30149698257446289,
                        0.14857799999999999,
                        0.13386799999999999,
                        367836,
                        439024,
                        0.048342000000000003,
                        0.063729999999999995,
                        1724165230.4304171,
                        3031101537514
                    ],
                    "sub": []
                }
            ]
        },
        {
            "stat": [
                "main",
                "exit",
                0.30192184448242188,
                0.14880199999999999,
                0.13406899999999999,
                367828,
                439024,
                0.048342000000000003,
                0.063729999999999995,
                1724165230.4308419,
                3031102543897
            ],
            "sub": []
        }
    ],
    "NameTable": {
        "std": [
            "std",
            "reYIK",
            "module",
            1
        ],
        "SA_tb": [
            "SA_tb",
            "HU4zc",
            "module",
            7
        ],
        "...MASTER...": [
            "SIM",
            "amcQw",
            "module",
            8
        ],
        "Adder": [
            "Adder",
            "xUt1z",
            "module",
            2
        ],
        "data_buffer": [
            "data_buffer",
            "GcCZt",
            "module",
            9
        ],
        "Booth_Encoder": [
            "Booth_Encoder",
            "gAcsm",
            "module",
            3
        ],
        "Partial_Generater": [
            "Partial_Generater",
            "Ff1VQ",
            "module",
            5
        ],
        "Multiplier_Radix_4_Wallace_a": [
            "Multiplier_Radix_4_Wallace_a",
            "sI9jD",
            "module",
            4
        ],
        "PE": [
            "PE",
            "twU73",
            "module",
            6
        ]
    },
    "PrevCompiledModules": {
        "Multiplier_Radix_4_Wallace_a": {
            "sI9jD_d": {
                "mod": "Multiplier_Radix_4_Wallace_a",
                "bytes": 33358,
                "mode": 4,
                "out": "sI9jD_d.o",
                "checksum": 0,
                "archive": "archive.9/_prev_archive_1.a"
            }
        },
        "Booth_Encoder": {
            "gAcsm_d": {
                "mod": "Booth_Encoder",
                "bytes": 8692,
                "mode": 4,
                "out": "gAcsm_d.o",
                "checksum": 0,
                "archive": "archive.9/_prev_archive_1.a"
            }
        },
        "Adder": {
            "xUt1z_d": {
                "mod": "Adder",
                "bytes": 9640,
                "mode": 4,
                "out": "xUt1z_d.o",
                "checksum": 0,
                "archive": "archive.9/_prev_archive_1.a"
            }
        },
        "data_buffer": {
            "GcCZt_d": {
                "mod": "data_buffer",
                "bytes": 36668,
                "mode": 4,
                "out": "GcCZt_d.o",
                "checksum": 0,
                "archive": "archive.9/_prev_archive_1.a"
            }
        },
        "...MASTER...": {
            "amcQw_d": {
                "mod": "...MASTER...",
                "bytes": 8636,
                "mode": 4,
                "out": "objs/amcQw_d.o",
                "checksum": 0
            }
        },
        "std": {
            "reYIK_d": {
                "mod": "std",
                "bytes": 43078,
                "mode": 4,
                "out": "reYIK_d.o",
                "checksum": 0,
                "archive": "archive.9/_prev_archive_1.a"
            }
        },
        "SA_tb": {
            "HU4zc_d": {
                "mod": "SA_tb",
                "bytes": 36012,
                "mode": 4,
                "out": "HU4zc_d.o",
                "checksum": 0,
                "archive": "archive.9/_10502_archive_1.a"
            }
        },
        "PE": {
            "twU73_d": {
                "mod": "PE",
                "bytes": 21584,
                "mode": 4,
                "out": "twU73_d.o",
                "checksum": 0,
                "archive": "archive.9/_prev_archive_1.a"
            }
        },
        "Partial_Generater": {
            "Ff1VQ_d": {
                "mod": "Partial_Generater",
                "bytes": 12172,
                "mode": 4,
                "out": "Ff1VQ_d.o",
                "checksum": 0,
                "archive": "archive.9/_prev_archive_1.a"
            }
        }
    },
    "CompileStrategy": "fullobj",
    "stat": {
        "cpu_cycles_end": 3031102628722,
        "ru_self_cgstart": {
            "ru_maxrss_kb": 84844,
            "ru_utime_sec": 0.096105999999999997,
            "ru_nvcsw": 168,
            "ru_stime_sec": 0.117507,
            "ru_minflt": 29726,
            "ru_nivcsw": 11,
            "ru_majflt": 0
        },
        "ru_childs_cgstart": {
            "ru_maxrss_kb": 56888,
            "ru_utime_sec": 0.048342000000000003,
            "ru_nvcsw": 55,
            "ru_stime_sec": 0.060304999999999997,
            "ru_minflt": 21943,
            "ru_nivcsw": 23,
            "ru_majflt": 0
        },
        "cpu_cycles_cgstart": 3030920660800,
        "nMops": 8991,
        "ru_self_end": {
            "ru_maxrss_kb": 96064,
            "ru_utime_sec": 0.14883299999999999,
            "ru_nvcsw": 169,
            "ru_stime_sec": 0.13409699999999999,
            "ru_minflt": 33988,
            "ru_nivcsw": 14,
            "ru_majflt": 0
        },
        "nQuads": 3110,
        "ru_childs_end": {
            "ru_maxrss_kb": 56888,
            "ru_utime_sec": 0.048342000000000003,
            "ru_nvcsw": 56,
            "ru_stime_sec": 0.063729999999999995,
            "ru_minflt": 22582,
            "ru_nivcsw": 25,
            "ru_majflt": 0
        },
        "realTime": 0.30201601982116699,
        "CodeGen(%)": 26.741219728667428,
        "totalObjSize": 153308,
        "cpu_cycles_total": 695126820,
        "mopSpeed": 170519.84751645269,
        "mop/quad": 2.8909967845659166,
        "quadSpeed": 58983.063705501932,
        "outputSizePerQuad": 49.295176848874597,
        "Frontend(%)": 73.258780271332569,
        "peak_mem_kb": 439024
    },
    "CurCompileUdps": {},
    "LVLData": [
        "SIM"
    ],
    "Misc": {
        "vcs_version": "O-2018.09-1_Full64",
        "vcs_build_date": "Build Date = Oct 12 2018 20:38:10",
        "VCS_HOME": "/home/synopsys/vcs-mx/O-2018.09-1",
        "master_pid": 10502,
        "hostname": "IC_EDA",
        "daidir": "simv.daidir",
        "cwd": "/home/ICer/ic_prjs/afifo/script",
        "csrc": "csrc",
        "csrc_abs": "/home/ICer/ic_prjs/afifo/script/csrc",
        "daidir_abs": "/home/ICer/ic_prjs/afifo/script/simv.daidir",
        "default_output_dir": "csrc",
        "archive_dir": "archive.9"
    },
    "CompileProcesses": [
        "cgproc.10502.json"
    ],
    "SIMBData": {
        "out": "amcQwB.o",
        "bytes": 118646,
        "text": 0,
        "archive": "archive.9/_10502_archive_1.a"
    },
    "CurCompileModules": [
        "...MASTER...",
        "std",
        "Adder",
        "Booth_Encoder",
        "Multiplier_Radix_4_Wallace_a",
        "Partial_Generater",
        "PE",
        "data_buffer",
        "SA_tb",
        "SA_tb"
    ],
    "rlimit": {
        "data": -1,
        "stack": -1
    }
}