{
    "Modules": {
        "...MASTER...": {
            "nQuads": 3,
            "start_perf": [
                0.22912287712097168,
                0.096105999999999997,
                0.11755400000000001,
                365856,
                439024,
                1724165230.358043,
                3030920830117
            ],
            "child_modules": {
                "Multiplier_Radix_4_Wallace_a": 1,
                "SA_tb": 1,
                "std": 1,
                "data_buffer": 1
            },
            "end_perf": [
                0.23622798919677734,
                0.098121,
                0.119255,
                365868,
                439024,
                3030938607009,
                0,
                0
            ],
            "nMops": 5,
            "nRouts": 7
        },
        "Adder": {
            "nQuads": 78,
            "Compiled Times": 10,
            "start_perf": [
                0.24104189872741699,
                0.099759,
                0.122432,
                365884,
                439024,
                1724165230.369962,
                3030950582582
            ],
            "Compiled": "Yes",
            "child_modules": {},
            "end_perf": [
                0.24286985397338867,
                0.100579,
                0.12343800000000001,
                365884,
                439024,
                3030955171781,
                12884901889,
                0
            ],
            "nMops": 268,
            "nRouts": 12
        },
        "data_buffer": {
            "nQuads": 1035,
            "Compiled Times": 2,
            "start_perf": [
                0.26648902893066406,
                0.11930300000000001,
                0.12814600000000001,
                365884,
                439024,
                1724165230.3954091,
                3031014084656
            ],
            "Compiled": "Yes",
            "child_modules": {},
            "end_perf": [
                0.27337193489074707,
                0.12618499999999999,
                0.12814600000000001,
                365884,
                439024,
                3031031337848,
                42949672961,
                0
            ],
            "nMops": 2838,
            "nRouts": 68
        },
        "SA_tb": {
            "nQuads": 554,
            "start_perf": [
                0.27343487739562988,
                0.126249,
                0.12814600000000001,
                365884,
                439024,
                1724165230.402355,
                3031031423227
            ],
            "Compiled Times": 10,
            "child_modules": {
                "PE": 9
            },
            "Compiled": "Yes",
            "nMops": 1963,
            "significant_routs": [
                [
                    8,
                    "R_VCSgd_HU4zc_8",
                    2597464,
                    198,
                    14
                ]
            ],
            "end_perf": [
                0.29209589958190918,
                0.14402899999999999,
                0.129026,
                367840,
                439024,
                3031078064213,
                47244640257,
                0
            ],
            "nRouts": 134
        },
        "std": {
            "nQuads": 218,
            "start_perf": [
                0.23633384704589844,
                0.098169999999999993,
                0.119314,
                365868,
                439024,
                1724165230.3652539,
                3030938828700
            ],
            "Compiled Times": 10,
            "child_modules": {},
            "Compiled": "Yes",
            "end_perf": [
                0.24097180366516113,
                0.099726999999999996,
                0.122392,
                365884,
                439024,
                3030950460876,
                8589934594,
                0
            ],
            "nMops": 528,
            "svclass": [
                "$vcs_nba_dyn_obj",
                0,
                35,
                2,
                2,
                0,
                "sigprop$$",
                0,
                35,
                2,
                2,
                0,
                "process",
                0,
                200,
                8,
                8,
                0,
                "event",
                0,
                34,
                2,
                2,
                0,
                "mailbox",
                0,
                140,
                9,
                9,
                0,
                "semaphore",
                0,
                84,
                5,
                5,
                0
            ],
            "nRouts": 33
        },
        "Booth_Encoder": {
            "nQuads": 50,
            "Compiled Times": 10,
            "start_perf": [
                0.24291682243347168,
                0.100601,
                0.12346500000000001,
                365884,
                439024,
                1724165230.3718369,
                3030955247388
            ],
            "Compiled": "Yes",
            "child_modules": {},
            "end_perf": [
                0.24439597129821777,
                0.10126499999999999,
                0.124279,
                365884,
                439024,
                3030958993789,
                21474836481,
                0
            ],
            "nMops": 196,
            "nRouts": 11
        },
        "Partial_Generater": {
            "nQuads": 147,
            "Compiled Times": 10,
            "start_perf": [
                0.24936389923095703,
                0.102211,
                0.12814600000000001,
                365884,
                439024,
                1724165230.378284,
                3030971344383
            ],
            "Compiled": "Yes",
            "child_modules": {},
            "end_perf": [
                0.26263785362243652,
                0.115451,
                0.12814600000000001,
                365884,
                439024,
                3031004525071,
                30064771073,
                0
            ],
            "nMops": 446,
            "nRouts": 17
        },
        "Multiplier_Radix_4_Wallace_a": {
            "nQuads": 556,
            "Compiled Times": 10,
            "start_perf": [
                0.24444794654846191,
                0.101289,
                0.124309,
                365884,
                439024,
                1724165230.373368,
                3030959069325
            ],
            "Compiled": "Yes",
            "child_modules": {
                "Booth_Encoder": 4,
                "Adder": 14,
                "Partial_Generater": 4
            },
            "end_perf": [
                0.24930000305175781,
                0.102182,
                0.128109,
                365884,
                439024,
                3030971255567,
                25769803777,
                0
            ],
            "nMops": 1641,
            "nRouts": 79
        },
        "PE": {
            "nQuads": 469,
            "Compiled Times": 10,
            "start_perf": [
                0.26268982887268066,
                0.115504,
                0.12814600000000001,
                365884,
                439024,
                1724165230.3916099,
                3031004601684
            ],
            "Compiled": "Yes",
            "child_modules": {},
            "end_perf": [
                0.26643681526184082,
                0.11924999999999999,
                0.12814600000000001,
                365884,
                439024,
                3031014005500,
                34359738369,
                0
            ],
            "nMops": 1106,
            "nRouts": 69
        }
    },
    "ObjArchives": [
        {
            "objects": [
                [
                    "HU4zc_d.o",
                    34662
                ],
                [
                    "amcQwB.o",
                    118646
                ]
            ],
            "archive": "archive.9/_10502_archive_1.a",
            "size": 153308
        }
    ],
    "CompUnits": {
        "HU4zc_d": {
            "bytes": 34662,
            "mod": "SA_tb",
            "mode": 4,
            "out": "HU4zc_d.o",
            "text": 13219,
            "checksum": 0,
            "archive": "archive.9/_10502_archive_1.a"
        }
    },
    "stat": {
        "ru_self_end": {
            "ru_maxrss_kb": 96064,
            "ru_utime_sec": 0.14863799999999999,
            "ru_nvcsw": 169,
            "ru_stime_sec": 0.13392100000000001,
            "ru_minflt": 33983,
            "ru_nivcsw": 14,
            "ru_majflt": 0
        },
        "ru_childs_end": {
            "ru_maxrss_kb": 56888,
            "ru_utime_sec": 0.048342000000000003,
            "ru_nvcsw": 56,
            "ru_stime_sec": 0.063729999999999995,
            "ru_minflt": 22582,
            "ru_nivcsw": 25,
            "ru_majflt": 0
        },
        "cpu_cycles_end": 3031101699348,
        "peak_mem_kb": 439024
    },
    "reusePaths": {
        "amcQw_d": {
            "icPath": "csrc"
        },
        "reYIK_d": {
            "icPath": "csrc"
        },
        "GcCZt_d": {
            "icPath": "csrc"
        },
        "twU73_d": {
            "icPath": "csrc"
        },
        "Ff1VQ_d": {
            "icPath": "csrc"
        },
        "xUt1z_d": {
            "icPath": "csrc"
        },
        "gAcsm_d": {
            "icPath": "csrc"
        },
        "sI9jD_d": {
            "icPath": "csrc"
        }
    }
}