{
    "std": [
        "std",
        "reYIK",
        "module",
        1
    ],
    "SA_tb": [
        "SA_tb",
        "HU4zc",
        "module",
        7
    ],
    "...MASTER...": [
        "SIM",
        "amcQw",
        "module",
        8
    ],
    "Adder": [
        "Adder",
        "xUt1z",
        "module",
        2
    ],
    "data_buffer": [
        "data_buffer",
        "GcCZt",
        "module",
        9
    ],
    "Booth_Encoder": [
        "Booth_Encoder",
        "gAcsm",
        "module",
        3
    ],
    "Partial_Generater": [
        "Partial_Generater",
        "Ff1VQ",
        "module",
        5
    ],
    "Multiplier_Radix_4_Wallace_a": [
        "Multiplier_Radix_4_Wallace_a",
        "sI9jD",
        "module",
        4
    ],
    "PE": [
        "PE",
        "twU73",
        "module",
        6
    ]
}